{"train_acc": 1.0, "val_acc": 0.5806451612903226, "train_loss": 3.280868986621499e-05, "val_loss": 1.5260741710662842, "_timestamp": 1696152627.690043, "_runtime": 486.2739350795746, "_step": 29, "_wandb": {"runtime": 484}}