{"train_acc": 1.0, "val_acc": 0.43010752688172044, "train_loss": 0.00022309570340439677, "val_loss": 1.6952401399612427, "_timestamp": 1696607299.4832878, "_runtime": 100.47310972213745, "_step": 6, "_wandb": {"runtime": 99}}