{"train_acc": 1.0, "val_acc": 0.45161290322580644, "train_loss": 0.0007920145872049034, "val_loss": 1.1239567995071411, "_timestamp": 1696624143.6216292, "_runtime": 53.59109020233154, "_step": 3, "_wandb": {"runtime": 52}}