{"train_acc": 0.1423611111111111, "val_acc": 0.3958333333333333, "train_loss": 2.5526342391967773, "val_loss": 2.0708024501800537, "_timestamp": 1695996584.1273682, "_runtime": 21.26625418663025, "_step": 0, "_wandb": {"runtime": 20}}