{"train_acc": 0.9244604316546763, "val_acc": 0.9032258064516129, "train_loss": 0.660461962223053, "val_loss": 0.5892873406410217, "_timestamp": 1696063726.4271019, "_runtime": 267.4853057861328, "_step": 15, "_wandb": {"runtime": 266}}