{"train_loss": 0.6917630434036255, "val_loss": 2.384763717651367, "_timestamp": 1695982763.1044755, "_runtime": 155.49706745147705, "_step": 19, "train_acc": 0.7841726618705036, "val_acc": 0.6774193548387096, "_wandb": {"runtime": 154}}