{"train_acc": 0.8159722222222222, "val_acc": 0.84375, "train_loss": 0.5172158479690552, "val_loss": 0.5525221824645996, "_timestamp": 1695993914.608695, "_runtime": 78.24302506446838, "_step": 3, "_wandb": {"runtime": 76}}