{"train_acc": 0.7604166666666666, "val_acc": 0.8368055555555556, "train_loss": 0.9143097400665283, "val_loss": 0.7091966867446899, "_timestamp": 1696000216.6421587, "_runtime": 59.79598379135132, "_step": 2, "_wandb": {"runtime": 59}}