{"train_acc": 1.0, "val_acc": 0.4946236559139785, "train_loss": 0.0008031048346310854, "val_loss": 1.239693522453308, "_timestamp": 1696614160.8745296, "_runtime": 57.772552490234375, "_step": 3, "_wandb": {"runtime": 56}}