{"train_acc": 1.0, "val_acc": 0.5698924731182796, "train_loss": 8.017662185011432e-05, "val_loss": 1.4092358350753784, "_timestamp": 1696610987.5612476, "_runtime": 174.2483115196228, "_step": 12, "_wandb": {"runtime": 173}}