{"train_acc": 1.0, "val_acc": 0.3978494623655914, "train_loss": 7.712629303568974e-05, "val_loss": 2.8608107566833496, "_timestamp": 1696610123.6495404, "_runtime": 126.04312348365784, "_step": 8, "_wandb": {"runtime": 124}}