{"train_acc": 0.7949640287769785, "val_acc": 0.6451612903225806, "_timestamp": 1695982453.3529263, "_runtime": 153.9577932357788, "_step": 9, "_wandb": {"runtime": 152}}