{"train_loss": 0.8540794253349304, "_timestamp": 1695982990.4500525, "_runtime": 156.82341146469116, "_step": 109, "val_loss": 2.4502716064453125, "train_acc": 0.8093525179856115, "val_acc": 0.6236559139784946, "_wandb": {"runtime": 155}}