{"train_acc": 1.0, "val_acc": 0.43010752688172044, "train_loss": 2.7271149519947357e-05, "val_loss": 2.084506034851074, "_timestamp": 1696580358.7437584, "_runtime": 796.9357743263245, "_step": 29, "_wandb": {"runtime": 806}}