{"train_acc": 0.8057553956834532, "val_acc": 0.6236559139784946, "train_loss": 0.4710378646850586, "val_loss": 2.8965635299682617, "_timestamp": 1695983871.0542839, "_runtime": 156.40099787712097, "_step": 9, "_wandb": {"runtime": 155}}