{"train_acc": 1.0, "val_acc": 0.5268817204301075, "train_loss": 9.866846085060388e-05, "val_loss": 1.0210283994674683, "_timestamp": 1696688936.7005072, "_runtime": 144.35938620567322, "_step": 10, "_wandb": {"runtime": 143}}